Workbook
Name Actual: (PeriodInActual*('프로젝트 진행사항 '!$O1>0))*PeriodInPlan
Name ActualBeyond: PeriodInActual*('프로젝트 진행사항 '!$O1>0)
Name EmployeeList: [1]!Employees[담당자]
Name PercentComplete: PercentCompleteBeyond*PeriodInPlan
Name period_selected: '프로젝트 진행사항 '!$X$3
Name PeriodInActual: '프로젝트 진행사항 '!A$8=MEDIAN('프로젝트 진행사항 '!A$8,'프로젝트 진행사항 '!$O1,'프로젝트 진행사항 '!$O1+'프로젝트 진행사항 '!$P1-1)
Name PeriodInPlan: '프로젝트 진행사항 '!A$8=MEDIAN('프로젝트 진행사항 '!A$8,'프로젝트 진행사항 '!$M1,'프로젝트 진행사항 '!$M1+'프로젝트 진행사항 '!$N1-1)
Name Plan: PeriodInPlan*('프로젝트 진행사항 '!$M1>0)
Name ProjectEnd: '프로젝트 Milestone'!$L$23
Name TeamName: 'Project 정보'!$B$15:$B$32
Name valHEnd: '[2]설정 및 계산'!$C$19
Name valHStart: '[2]설정 및 계산'!$C$18
Name 프로젝트시작: '프로젝트 Milestone'!$L$21

Sheet Project 정보
F1: Task 진행 현황 | K1: 업무 지연 현황
B2: Project Name | F2: 완료 Task | G2: 진행 중 Task | H2: 진행대기 Task | I2: 전체 Task | K2: 정상 Task | L2: 일정변경 Task | M2: 지연 Task | N2: 전체 Task
F3: =COUNTIF('프로젝트 진행사항 '!$K:$K,"완료") -> 3 | G3: =COUNTIF('프로젝트 진행사항 '!$K:$K,"진행 중") -> 3 | H3: =COUNTIF('프로젝트 진행사항 '!$K:$K,"진행 대기") -> 112 | I3: =SUM(F3:H3) -> 118 | K3: =COUNTIF('프로젝트 진행사항 '!$J:$J,"정상") -> 1 | L3: =COUNTIF('프로젝트 진행사항 '!$J:$J,"일정변경") -> 0 | M3: =COUNTIF('프로젝트 진행사항 '!$J:$J,"지연") -> 0 | N3: =SUM(K3:M3) -> 1
B4: Project Code
B6: Project Leader
B8: 개발 기간
B10: 개발계획서 문서번호
B13: 프로젝트 팀원 & 업무 그룹 & 지원조직
B14: Name

Sheet 프로젝트 Milestone
B1: Milestone
B2: 시간 표시 막대
B20: 프로젝트 주요 Milestone
B21: 날짜 | C21: 중요 시점 | D21: 위치 | E21: BASELINE
B22: 44112 | C22: 프로젝트 시작 | D22: 20 | E22: =1 -> 1
B23: 44114 | C23: 개발 계획 확정 | D23: 10 | E23: =1 -> 1
B24: 44116 | C24: PDR | D24: -10 | E24: =1 -> 1
B25: 44117 | D25: 0 | E25: =1 -> 1
B26: 44118 | C26: CDR | D26: -15 | E26: =1 -> 1
B27: 44119 | C27: TRR | D27: 15 | E27: =1 -> 1
B28: 2020/20/16 | C28: QA 검증 시작 | D28: -15 | E28: =1 -> 1
B29: 44124 | C29: EMI 검증 및 & Alpha Test | D29: 15 | E29: =1 -> 1
B30: 44126 | C30: QA 검증 완료 | D30: -15 | E30: =1 -> 1
B31: 44129 | C31: FDR | D31: 20 | E31: =1 -> 1
B32: 44134 | C32: 프로젝트 종료 | D32: 15 | E32: =1 -> 1
E33: =1 -> 1
E34: =1 -> 1

Sheet 프로젝트 진행사항 
C2: 프로젝트 진행 일정표
S3: 기간 표시: | X3: 41 | AB3: 계획 | AE3: 실제 | AI3: % 완료 | AN3: 실제(계획 초과) | AV3: % 완료(계획 초과)
S4: 금주 | U4: ="W"& WEEKNUM(TODAY()) -> W41
C6: WBS | D6: Task | E6: 담당자 | F6: 시작 예정일 | G6: 완료 예정일 | H6: 실제 시작일 | I6: 실제 완료일 | J6: 지연여부 | K6: 상태 | L6: 비고 | M6: 계획 | N6: 계획 | O6: 실제 | P6: 실제 | Q6: 진도율
M7: 시작 | N7: 기간 | O7: 시작 | P7: 기간 | S7: 2020 Week
S8: 1 | T8: 2 | U8: 3 | V8: 4 | W8: 5 | X8: 6 | Y8: 7 | Z8: 8 | AA8: 9 | AB8: 10 | AC8: 11 | AD8: 12 | AE8: 13 | AF8: 14 | AG8: 15 | AH8: 16 | AI8: 17 | AJ8: 18 | AK8: 19 | AL8: 20 | AM8: 21 | AN8: 22 | AO8: 23 | AP8: 24 | AQ8: 25 | AR8: 26 | AS8: 27 | AT8: 28 | AU8: 29 | AV8: 30 | AW8: 31 | AX8: 32 | AY8: 33 | AZ8: 34 | BA8: 35 | BB8: 36 | BC8: 37 | BD8: 38 | BE8: 39 | BF8: 40 | BG8: 41 | BH8: 42 | BI8: 43 | BJ8: 44 | BK8: 45 | BL8: 46 | BM8: 47 | BN8: 48 | BO8: 49 | BP8: 50 | BQ8: 51 | BR8: 52 | BS8: 53 | BT8: 54 | BU8: 55 | BV8: 56 | BW8: 57 | BX8: 58 | BY8: 59 | BZ8: 60
D9: 개발 계획서 작성 | F9: 44105 | G9: 44196 | H9: 44112 | I9: 44196 | J9: 정상 | K9: =IF(AND(Q9>0%,Q9<100%),"진행 중",IF(Q9=0%,"진행 대기","완료")) -> 완료 | M9: =WEEKNUM(F9) -> 40 | N9: =WEEKNUM(G9-F9) -> 13 | O9: =WEEKNUM(H9) -> 41 | P9: =WEEKNUM(I9-H9) -> 12 | Q9: 1
D10: 개선 항목 식별 / 요구사항 분석 | F10: 42394 | G10: 42411 | K10: =IF(AND(Q10>0%,Q10<100%),"진행 중",IF(Q10=0%,"진행 대기","완료")) -> 진행 대기 | M10: =WEEKNUM(F10) -> 5 | N10: =WEEKNUM(G10-F10) -> 3 | O10: =WEEKNUM(H10) -> 0 | P10: =WEEKNUM(I10-H10) -> 0 | Q10: 0
D11: 생산 Wish List 작성 | F11: 42394 | G11: 42398 | K11: =IF(AND(Q11>0%,Q11<100%),"진행 중",IF(Q11=0%,"진행 대기","완료")) -> 진행 대기 | M11: =WEEKNUM(F11) -> 5 | N11: =WEEKNUM(G11-F11) -> 1 | O11: =WEEKNUM(H11) -> 0 | P11: =WEEKNUM(I11-H11) -> 0 | Q11: 0
D12: Field Issue List 작성 | F12: 42394 | G12: 42404 | K12: =IF(AND(Q12>0%,Q12<100%),"진행 중",IF(Q12=0%,"진행 대기","완료")) -> 진행 대기 | M12: =WEEKNUM(F12) -> 5 | N12: =WEEKNUM(G12-F12) -> 2 | O12: =WEEKNUM(H12) -> 0 | P12: =WEEKNUM(I12-H12) -> 0 | Q12: 0
D13: QA 개발 검증 List Up | F13: 42394 | G13: 42398 | K13: =IF(AND(Q13>0%,Q13<100%),"진행 중",IF(Q13=0%,"진행 대기","완료")) -> 진행 대기 | M13: =WEEKNUM(F13) -> 5 | N13: =WEEKNUM(G13-F13) -> 1 | O13: =WEEKNUM(H13) -> 0 | P13: =WEEKNUM(I13-H13) -> 0 | Q13: 0
D14: PM Requirements | F14: 42401 | G14: 42412 | K14: =IF(AND(Q14>0%,Q14<100%),"진행 중",IF(Q14=0%,"진행 대기","완료")) -> 진행 대기 | M14: =WEEKNUM(F14) -> 6 | N14: =WEEKNUM(G14-F14) -> 2 | O14: =WEEKNUM(H14) -> 0 | P14: =WEEKNUM(I14-H14) -> 0 | Q14: 0
D15: WBS 작성 | F15: 42394 | G15: 42412 | K15: =IF(AND(Q15>0%,Q15<100%),"진행 중",IF(Q15=0%,"진행 대기","완료")) -> 진행 대기 | M15: =WEEKNUM(F15) -> 5 | N15: =WEEKNUM(G15-F15) -> 3 | O15: =WEEKNUM(H15) -> 0 | P15: =WEEKNUM(I15-H15) -> 0 | Q15: 0
D16: 계발 계획서 발표 | F16: 42403 | G16: 42403 | K16: =IF(AND(Q16>0%,Q16<100%),"진행 중",IF(Q16=0%,"진행 대기","완료")) -> 진행 대기 | M16: =WEEKNUM(F16) -> 6 | N16: =WEEKNUM(G16-F16) -> 0 | O16: =WEEKNUM(H16) -> 0 | P16: =WEEKNUM(I16-H16) -> 0 | Q16: 0
D17: Block Diagram 작성 | F17: 42394 | G17: 42411 | K17: =IF(AND(Q17>0%,Q17<100%),"진행 중",IF(Q17=0%,"진행 대기","완료")) -> 진행 대기 | M17: =WEEKNUM(F17) -> 5 | N17: =WEEKNUM(G17-F17) -> 3 | O17: =WEEKNUM(H17) -> 0 | P17: =WEEKNUM(I17-H17) -> 0 | Q17: 0
D18: H/W Architecture | F18: 42394 | G18: 42398 | K18: =IF(AND(Q18>0%,Q18<100%),"진행 중",IF(Q18=0%,"진행 대기","완료")) -> 진행 대기 | M18: =WEEKNUM(F18) -> 5 | N18: =WEEKNUM(G18-F18) -> 1 | O18: =WEEKNUM(H18) -> 0 | P18: =WEEKNUM(I18-H18) -> 0 | Q18: 0
D19: S/W Architecture | F19: 42394 | G19: 42411 | K19: =IF(AND(Q19>0%,Q19<100%),"진행 중",IF(Q19=0%,"진행 대기","완료")) -> 진행 대기 | M19: =WEEKNUM(F19) -> 5 | N19: =WEEKNUM(G19-F19) -> 3 | O19: =WEEKNUM(H19) -> 0 | P19: =WEEKNUM(I19-H19) -> 0 | Q19: 0
D20: RF Architecture | F20: 42401 | G20: 42412 | K20: =IF(AND(Q20>0%,Q20<100%),"진행 중",IF(Q20=0%,"진행 대기","완료")) -> 진행 대기 | M20: =WEEKNUM(F20) -> 6 | N20: =WEEKNUM(G20-F20) -> 2 | O20: =WEEKNUM(H20) -> 0 | P20: =WEEKNUM(I20-H20) -> 0 | Q20: 0
D21: Connection Diagram 작성 | F21: 42403 | G21: 42411 | K21: =IF(AND(Q21>0%,Q21<100%),"진행 중",IF(Q21=0%,"진행 대기","완료")) -> 진행 대기 | M21: =WEEKNUM(F21) -> 6 | N21: =WEEKNUM(G21-F21) -> 2 | O21: =WEEKNUM(H21) -> 0 | P21: =WEEKNUM(I21-H21) -> 0 | Q21: 0
... D25: RF(NBD Part 개선) 예상 성능 검토 및 Link Budget 작성 | F25: 42404 | G25: 42419 | K25: =IF(AND(Q25>0%,Q25<100%),"진행 중",IF(Q25=0%,"진행 대기","완료")) -> 진행 대기 | M25: =WEEKNUM(F25) -> 6 | N25: =WEEKNUM(G25-F25) -> 3 | O25: =WEEKNUM(H25) -> 0 | P25: =WEEKNUM(I25-H25) -> 0 | Q25: 0
D26: RF(NBD Part 개선) 상세 설계 | F26: 42404 | G26: 42419 | K26: =IF(AND(Q26>0%,Q26<100%),"진행 중",IF(Q26=0%,"진행 대기","완료")) -> 진행 대기 | L26: Draft Version 설계 중 - Concept 결정이 필요함 | M26: =WEEKNUM(F26) -> 6 | N26: =WEEKNUM(G26-F26) -> 3 | O26: =WEEKNUM(H26) -> 0 | P26: =WEEKNUM(I26-H26) -> 0 | Q26: 0
D27: Motor 사전 적합성 검토 | F27: 42401 | G27: 42412 | K27: =IF(AND(Q27>0%,Q27<100%),"진행 중",IF(Q27=0%,"진행 대기","완료")) -> 진행 대기 | M27: =WEEKNUM(F27) -> 6 | N27: =WEEKNUM(G27-F27) -> 2 | O27: =WEEKNUM(H27) -> 0 | P27: =WEEKNUM(I27-H27) -> 0 | Q27: 0
D28: Module 개념 설계 | F28: 42401 | G28: 42412 | K28: =IF(AND(Q28>0%,Q28<100%),"진행 중",IF(Q28=0%,"진행 대기","완료")) -> 진행 대기 | M28: =WEEKNUM(F28) -> 6 | N28: =WEEKNUM(G28-F28) -> 2 | O28: =WEEKNUM(H28) -> 0 | P28: =WEEKNUM(I28-H28) -> 0 | Q28: 0
D29: Communication Protocol 설계 | F29: 42415 | G29: 42419 | K29: =IF(AND(Q29>0%,Q29<100%),"진행 중",IF(Q29=0%,"진행 대기","완료")) -> 진행 대기 | M29: =WEEKNUM(F29) -> 8 | N29: =WEEKNUM(G29-F29) -> 1 | O29: =WEEKNUM(H29) -> 0 | P29: =WEEKNUM(I29-H29) -> 0 | Q29: 0
D30: 초기 설계 검토 자료 취합 | F30: 42422 | G30: 42426 | K30: =IF(AND(Q30>0%,Q30<100%),"진행 중",IF(Q30=0%,"진행 대기","완료")) -> 진행 대기 | M30: =WEEKNUM(F30) -> 9 | N30: =WEEKNUM(G30-F30) -> 1 | O30: =WEEKNUM(H30) -> 0 | P30: =WEEKNUM(I30-H30) -> 0
D31: 제어 파트 전장 부품 선정 | F31: 42424 | G31: 42431 | K31: =IF(AND(Q31>0%,Q31<100%),"진행 중",IF(Q31=0%,"진행 대기","완료")) -> 진행 대기 | M31: =WEEKNUM(F31) -> 9 | N31: =WEEKNUM(G31-F31) -> 1 | O31: =WEEKNUM(H31) -> 0 | P31: =WEEKNUM(I31-H31) -> 0
D32: RF 파트 부품 선정 | K32: =IF(AND(Q32>0%,Q32<100%),"진행 중",IF(Q32=0%,"진행 대기","완료")) -> 진행 대기 | M32: =WEEKNUM(F32) -> 0 | N32: =WEEKNUM(G32-F32) -> 0 | O32: =WEEKNUM(H32) -> 0 | P32: =WEEKNUM(I32-H32) -> 0
D33: RF Cable & Connector | F33: 42401 | G33: 42426 | K33: =IF(AND(Q33>0%,Q33<100%),"진행 중",IF(Q33=0%,"진행 대기","완료")) -> 진행 중 | M33: =WEEKNUM(F33) -> 6 | N33: =WEEKNUM(G33-F33) -> 4 | O33: =WEEKNUM(H33) -> 0 | P33: =WEEKNUM(I33-H33) -> 0 | Q33: 0.1
D34: ETC ( RF 부품) | F34: 42401 | G34: 42426 | K34: =IF(AND(Q34>0%,Q34<100%),"진행 중",IF(Q34=0%,"진행 대기","완료")) -> 진행 중 | M34: =WEEKNUM(F34) -> 6 | N34: =WEEKNUM(G34-F34) -> 4 | O34: =WEEKNUM(H34) -> 0 | P34: =WEEKNUM(I34-H34) -> 0 | Q34: 0.1
D35: Design Review (PDR) | F35: 42431 | G35: 42431 | K35: =IF(AND(Q35>0%,Q35<100%),"진행 중",IF(Q35=0%,"진행 대기","완료")) -> 진행 대기 | M35: =WEEKNUM(F35) -> 10 | N35: =WEEKNUM(G35-F35) -> 0 | O35: =WEEKNUM(H35) -> 0 | P35: =WEEKNUM(I35-H35) -> 0
D36: Critical Design Step | F36: 42431 | G36: 42489 | K36: =IF(AND(Q36>0%,Q36<100%),"진행 중",IF(Q36=0%,"진행 대기","완료")) -> 진행 대기 | M36: =WEEKNUM(F36) -> 10 | N36: =WEEKNUM(G36-F36) -> 9 | O36: =WEEKNUM(H36) -> 0 | P36: =WEEKNUM(I36-H36) -> 0
D37: 제어부품 개선에 다른 위치변경 | F37: 42387 | G37: 42426 | K37: =IF(AND(Q37>0%,Q37<100%),"진행 중",IF(Q37=0%,"진행 대기","완료")) -> 진행 대기 | M37: =WEEKNUM(F37) -> 4 | N37: =WEEKNUM(G37-F37) -> 6 | O37: =WEEKNUM(H37) -> 0 | P37: =WEEKNUM(I37-H37) -> 0
D38: 제어보드, 전장품 케이스 배치, 검토 | F38: 42387 | G38: 42419 | K38: =IF(AND(Q38>0%,Q38<100%),"진행 중",IF(Q38=0%,"진행 대기","완료")) -> 완료 | L38: 초안 레이아웃, 전장품케이스 모델링 완료 | M38: =WEEKNUM(F38) -> 4 | N38: =WEEKNUM(G38-F38) -> 5 | O38: =WEEKNUM(H38) -> 0 | P38: =WEEKNUM(I38-H38) -> 0 | Q38: 1
D39: 각 모터 위치 변경 검토, 배치 | F39: 42394 | G39: 42405 | K39: =IF(AND(Q39>0%,Q39<100%),"진행 중",IF(Q39=0%,"진행 대기","완료")) -> 완료 | L39: 초안 레이아웃 | M39: =WEEKNUM(F39) -> 5 | N39: =WEEKNUM(G39-F39) -> 2 | O39: =WEEKNUM(H39) -> 0 | P39: =WEEKNUM(I39-H39) -> 0 | Q39: 1
D40: 케이블 패스 검토 | F40: 42415 | G40: 42426 | K40: =IF(AND(Q40>0%,Q40<100%),"진행 중",IF(Q40=0%,"진행 대기","완료")) -> 진행 중 | L40: 조인트부 PM적용방법 적용 | M40: =WEEKNUM(F40) -> 8 | N40: =WEEKNUM(G40-F40) -> 2 | O40: =WEEKNUM(H40) -> 0 | P40: =WEEKNUM(I40-H40) -> 0 | Q40: 0.1
D41: 케이블 고정부품 검토 | F41: 42401 | G41: 42405 | K41: =IF(AND(Q41>0%,Q41<100%),"진행 중",IF(Q41=0%,"진행 대기","완료")) -> 진행 대기 | L41: 미진행 | M41: =WEEKNUM(F41) -> 6 | N41: =WEEKNUM(G41-F41) -> 1 | O41: =WEEKNUM(H41) -> 0 | P41: =WEEKNUM(I41-H41) -> 0 | Q41: 0
D42: 기타 요구사항 반영 검토 | F42: 42401 | G42: 42412 | M42: =WEEKNUM(F42) -> 6 | N42: =WEEKNUM(G42-F42) -> 2 | O42: =WEEKNUM(H42) -> 0 | P42: =WEEKNUM(I42-H42) -> 0
D43: 모듈별 상세 설계 | M43: =WEEKNUM(F43) -> 0 | N43: =WEEKNUM(G43-F43) -> 0 | O43: =WEEKNUM(H43) -> 0 | P43: =WEEKNUM(I43-H43) -> 0
D44: Pedestal Control Unit | F44: 42431 | G44: 42437 | K44: =IF(AND(Q44>0%,Q44<100%),"진행 중",IF(Q44=0%,"진행 대기","완료")) -> 진행 대기 | M44: =WEEKNUM(F44) -> 10 | N44: =WEEKNUM(G44-F44) -> 1 | O44: =WEEKNUM(H44) -> 0 | P44: =WEEKNUM(I44-H44) -> 0
D45: Motor Driver Unit | F45: 42437 | G45: 42440 | K45: =IF(AND(Q45>0%,Q45<100%),"진행 중",IF(Q45=0%,"진행 대기","완료")) -> 진행 대기 | M45: =WEEKNUM(F45) -> 11 | N45: =WEEKNUM(G45-F45) -> 1 | O45: =WEEKNUM(H45) -> 0 | P45: =WEEKNUM(I45-H45) -> 0
D46: Polarization Control Unit | F46: 42443 | G46: 42446 | K46: =IF(AND(Q46>0%,Q46<100%),"진행 중",IF(Q46=0%,"진행 대기","완료")) -> 진행 대기 | M46: =WEEKNUM(F46) -> 12 | N46: =WEEKNUM(G46-F46) -> 1 | O46: =WEEKNUM(H46) -> 0 | P46: =WEEKNUM(I46-H46) -> 0
D47: RF Communication Unit | F47: 42431 | G47: 42447 | K47: =IF(AND(Q47>0%,Q47<100%),"진행 중",IF(Q47=0%,"진행 대기","완료")) -> 진행 대기 | M47: =WEEKNUM(F47) -> 10 | N47: =WEEKNUM(G47-F47) -> 3 | O47: =WEEKNUM(H47) -> 0 | P47: =WEEKNUM(I47-H47) -> 0
D48: Narrow Band Detector Unit | K48: =IF(AND(Q48>0%,Q48<100%),"진행 중",IF(Q48=0%,"진행 대기","완료")) -> 진행 대기 | M48: =WEEKNUM(F48) -> 0 | N48: =WEEKNUM(G48-F48) -> 0 | O48: =WEEKNUM(H48) -> 0 | P48: =WEEKNUM(I48-H48) -> 0
D49: 모듈별 Sample 제작 | F49: 42437 | G49: 42460 | K49: =IF(AND(Q49>0%,Q49<100%),"진행 중",IF(Q49=0%,"진행 대기","완료")) -> 진행 대기 | M49: =WEEKNUM(F49) -> 11 | N49: =WEEKNUM(G49-F49) -> 4 | O49: =WEEKNUM(H49) -> 0 | P49: =WEEKNUM(I49-H49) -> 0
D50: Control Unit | K50: =IF(AND(Q50>0%,Q50<100%),"진행 중",IF(Q50=0%,"진행 대기","완료")) -> 진행 대기 | M50: =WEEKNUM(F50) -> 0 | N50: =WEEKNUM(G50-F50) -> 0 | O50: =WEEKNUM(H50) -> 0 | P50: =WEEKNUM(I50-H50) -> 0
D51: ARTWORK | F51: 42438 | G51: 42443 | K51: =IF(AND(Q51>0%,Q51<100%),"진행 중",IF(Q51=0%,"진행 대기","완료")) -> 진행 대기 | M51: =WEEKNUM(F51) -> 11 | N51: =WEEKNUM(G51-F51) -> 1 | O51: =WEEKNUM(H51) -> 0 | P51: =WEEKNUM(I51-H51) -> 0
D52: BOM 작성 | F52: 42438 | G52: 42438 | K52: =IF(AND(Q52>0%,Q52<100%),"진행 중",IF(Q52=0%,"진행 대기","완료")) -> 진행 대기 | M52: =WEEKNUM(F52) -> 11 | N52: =WEEKNUM(G52-F52) -> 0 | O52: =WEEKNUM(H52) -> 0 | P52: =WEEKNUM(I52-H52) -> 0
D53: Sample 제작 | F53: 42444 | G53: 42454 | K53: =IF(AND(Q53>0%,Q53<100%),"진행 중",IF(Q53=0%,"진행 대기","완료")) -> 진행 대기 | M53: =WEEKNUM(F53) -> 12 | N53: =WEEKNUM(G53-F53) -> 2 | O53: =WEEKNUM(H53) -> 0 | P53: =WEEKNUM(I53-H53) -> 0
D54: 성능 검사서 작성 | F54: 42438 | G54: 42440 | K54: =IF(AND(Q54>0%,Q54<100%),"진행 중",IF(Q54=0%,"진행 대기","완료")) -> 진행 대기 | M54: =WEEKNUM(F54) -> 11 | N54: =WEEKNUM(G54-F54) -> 1 | O54: =WEEKNUM(H54) -> 0 | P54: =WEEKNUM(I54-H54) -> 0
D55: 성능 시험 | F55: 42457 | G55: 42460 | K55: =IF(AND(Q55>0%,Q55<100%),"진행 중",IF(Q55=0%,"진행 대기","완료")) -> 진행 대기 | M55: =WEEKNUM(F55) -> 14 | N55: =WEEKNUM(G55-F55) -> 1 | O55: =WEEKNUM(H55) -> 0 | P55: =WEEKNUM(I55-H55) -> 0
D56: Motor Driver Unit | K56: =IF(AND(Q56>0%,Q56<100%),"진행 중",IF(Q56=0%,"진행 대기","완료")) -> 진행 대기 | M56: =WEEKNUM(F56) -> 0 | N56: =WEEKNUM(G56-F56) -> 0 | O56: =WEEKNUM(H56) -> 0 | P56: =WEEKNUM(I56-H56) -> 0
D57: ARTWORK | F57: 42443 | G57: 42447 | K57: =IF(AND(Q57>0%,Q57<100%),"진행 중",IF(Q57=0%,"진행 대기","완료")) -> 진행 대기 | M57: =WEEKNUM(F57) -> 12 | N57: =WEEKNUM(G57-F57) -> 1 | O57: =WEEKNUM(H57) -> 0 | P57: =WEEKNUM(I57-H57) -> 0
D58: BOM 작성 | F58: 42447 | G58: 42447 | K58: =IF(AND(Q58>0%,Q58<100%),"진행 중",IF(Q58=0%,"진행 대기","완료")) -> 진행 대기 | M58: =WEEKNUM(F58) -> 12 | N58: =WEEKNUM(G58-F58) -> 0 | O58: =WEEKNUM(H58) -> 0 | P58: =WEEKNUM(I58-H58) -> 0
D59: Sample 제작 | F59: 42447 | G59: 42460 | K59: =IF(AND(Q59>0%,Q59<100%),"진행 중",IF(Q59=0%,"진행 대기","완료")) -> 진행 대기 | M59: =WEEKNUM(F59) -> 12 | N59: =WEEKNUM(G59-F59) -> 2 | O59: =WEEKNUM(H59) -> 0 | P59: =WEEKNUM(I59-H59) -> 0
D60: 성능 검사서 작성 | F60: 42443 | G60: 42446 | K60: =IF(AND(Q60>0%,Q60<100%),"진행 중",IF(Q60=0%,"진행 대기","완료")) -> 진행 대기 | M60: =WEEKNUM(F60) -> 12 | N60: =WEEKNUM(G60-F60) -> 1 | O60: =WEEKNUM(H60) -> 0 | P60: =WEEKNUM(I60-H60) -> 0
D61: 성능 시험 | F61: 42457 | G61: 42460 | K61: =IF(AND(Q61>0%,Q61<100%),"진행 중",IF(Q61=0%,"진행 대기","완료")) -> 진행 대기 | M61: =WEEKNUM(F61) -> 14 | N61: =WEEKNUM(G61-F61) -> 1 | O61: =WEEKNUM(H61) -> 0 | P61: =WEEKNUM(I61-H61) -> 0
D62: Polarization Control Unit | K62: =IF(AND(Q62>0%,Q62<100%),"진행 중",IF(Q62=0%,"진행 대기","완료")) -> 진행 대기 | M62: =WEEKNUM(F62) -> 0 | N62: =WEEKNUM(G62-F62) -> 0 | O62: =WEEKNUM(H62) -> 0 | P62: =WEEKNUM(I62-H62) -> 0
D63: ARTWORK | F63: 42447 | G63: 42452 | K63: =IF(AND(Q63>0%,Q63<100%),"진행 중",IF(Q63=0%,"진행 대기","완료")) -> 진행 대기 | M63: =WEEKNUM(F63) -> 12 | N63: =WEEKNUM(G63-F63) -> 1 | O63: =WEEKNUM(H63) -> 0 | P63: =WEEKNUM(I63-H63) -> 0
D64: BOM 작성 | F64: 42452 | G64: 42452 | K64: =IF(AND(Q64>0%,Q64<100%),"진행 중",IF(Q64=0%,"진행 대기","완료")) -> 진행 대기 | M64: =WEEKNUM(F64) -> 13 | N64: =WEEKNUM(G64-F64) -> 0 | O64: =WEEKNUM(H64) -> 0 | P64: =WEEKNUM(I64-H64) -> 0
D65: Sample 제작 | F65: 42452 | G65: 42460 | K65: =IF(AND(Q65>0%,Q65<100%),"진행 중",IF(Q65=0%,"진행 대기","완료")) -> 진행 대기 | M65: =WEEKNUM(F65) -> 13 | N65: =WEEKNUM(G65-F65) -> 2 | O65: =WEEKNUM(H65) -> 0 | P65: =WEEKNUM(I65-H65) -> 0
D66: 성능 검사서 작성 | F66: 42447 | G66: 42452 | K66: =IF(AND(Q66>0%,Q66<100%),"진행 중",IF(Q66=0%,"진행 대기","완료")) -> 진행 대기 | M66: =WEEKNUM(F66) -> 12 | N66: =WEEKNUM(G66-F66) -> 1 | O66: =WEEKNUM(H66) -> 0 | P66: =WEEKNUM(I66-H66) -> 0
D67: 성능 시험 | F67: 42461 | G67: 42468 | K67: =IF(AND(Q67>0%,Q67<100%),"진행 중",IF(Q67=0%,"진행 대기","완료")) -> 진행 대기 | M67: =WEEKNUM(F67) -> 14 | N67: =WEEKNUM(G67-F67) -> 1 | O67: =WEEKNUM(H67) -> 0 | P67: =WEEKNUM(I67-H67) -> 0
D68: RF Communication Unit | K68: =IF(AND(Q68>0%,Q68<100%),"진행 중",IF(Q68=0%,"진행 대기","완료")) -> 진행 대기 | M68: =WEEKNUM(F68) -> 0 | N68: =WEEKNUM(G68-F68) -> 0 | O68: =WEEKNUM(H68) -> 0 | P68: =WEEKNUM(I68-H68) -> 0
D69: ARTWORK | F69: 42431 | G69: 42440 | K69: =IF(AND(Q69>0%,Q69<100%),"진행 중",IF(Q69=0%,"진행 대기","완료")) -> 진행 대기 | M69: =WEEKNUM(F69) -> 10 | N69: =WEEKNUM(G69-F69) -> 2 | O69: =WEEKNUM(H69) -> 0 | P69: =WEEKNUM(I69-H69) -> 0
D70: BOM 작성 | F70: 42443 | G70: 42445 | K70: =IF(AND(Q70>0%,Q70<100%),"진행 중",IF(Q70=0%,"진행 대기","완료")) -> 진행 대기 | M70: =WEEKNUM(F70) -> 12 | N70: =WEEKNUM(G70-F70) -> 1 | O70: =WEEKNUM(H70) -> 0 | P70: =WEEKNUM(I70-H70) -> 0
D71: Sample 제작 | F71: 42446 | G71: 42454 | K71: =IF(AND(Q71>0%,Q71<100%),"진행 중",IF(Q71=0%,"진행 대기","완료")) -> 진행 대기 | M71: =WEEKNUM(F71) -> 12 | N71: =WEEKNUM(G71-F71) -> 2 | O71: =WEEKNUM(H71) -> 0 | P71: =WEEKNUM(I71-H71) -> 0
D72: 성능 검사서 작성 | F72: 42478 | G72: 42482 | K72: =IF(AND(Q72>0%,Q72<100%),"진행 중",IF(Q72=0%,"진행 대기","완료")) -> 진행 대기 | M72: =WEEKNUM(F72) -> 17 | N72: =WEEKNUM(G72-F72) -> 1 | O72: =WEEKNUM(H72) -> 0 | P72: =WEEKNUM(I72-H72) -> 0
D73: 성능 시험 | F73: 42457 | G73: 42475 | K73: =IF(AND(Q73>0%,Q73<100%),"진행 중",IF(Q73=0%,"진행 대기","완료")) -> 진행 대기 | M73: =WEEKNUM(F73) -> 14 | N73: =WEEKNUM(G73-F73) -> 3 | O73: =WEEKNUM(H73) -> 0 | P73: =WEEKNUM(I73-H73) -> 0
D74: Narrow Band Detector Unit | K74: =IF(AND(Q74>0%,Q74<100%),"진행 중",IF(Q74=0%,"진행 대기","완료")) -> 진행 대기 | M74: =WEEKNUM(F74) -> 0 | N74: =WEEKNUM(G74-F74) -> 0 | O74: =WEEKNUM(H74) -> 0 | P74: =WEEKNUM(I74-H74) -> 0
D75: ARTWORK | F75: 42437 | G75: 42440 | K75: =IF(AND(Q75>0%,Q75<100%),"진행 중",IF(Q75=0%,"진행 대기","완료")) -> 진행 대기 | M75: =WEEKNUM(F75) -> 11 | N75: =WEEKNUM(G75-F75) -> 1 | O75: =WEEKNUM(H75) -> 0 | P75: =WEEKNUM(I75-H75) -> 0
D76: BOM 작성 | F76: 42443 | G76: 42445 | K76: =IF(AND(Q76>0%,Q76<100%),"진행 중",IF(Q76=0%,"진행 대기","완료")) -> 진행 대기 | M76: =WEEKNUM(F76) -> 12 | N76: =WEEKNUM(G76-F76) -> 1 | O76: =WEEKNUM(H76) -> 0 | P76: =WEEKNUM(I76-H76) -> 0
D77: Sample 제작 | F77: 42446 | G77: 42454 | K77: =IF(AND(Q77>0%,Q77<100%),"진행 중",IF(Q77=0%,"진행 대기","완료")) -> 진행 대기 | M77: =WEEKNUM(F77) -> 12 | N77: =WEEKNUM(G77-F77) -> 2 | O77: =WEEKNUM(H77) -> 0 | P77: =WEEKNUM(I77-H77) -> 0
D78: 성능 검사서 작성 | F78: 42443 | G78: 42445 | K78: =IF(AND(Q78>0%,Q78<100%),"진행 중",IF(Q78=0%,"진행 대기","완료")) -> 진행 대기 | M78: =WEEKNUM(F78) -> 12 | N78: =WEEKNUM(G78-F78) -> 1 | O78: =WEEKNUM(H78) -> 0 | P78: =WEEKNUM(I78-H78) -> 0
D79: 성능 시험 | F79: 42457 | G79: 42471 | K79: =IF(AND(Q79>0%,Q79<100%),"진행 중",IF(Q79=0%,"진행 대기","완료")) -> 진행 대기 | M79: =WEEKNUM(F79) -> 14 | N79: =WEEKNUM(G79-F79) -> 2 | O79: =WEEKNUM(H79) -> 0 | P79: =WEEKNUM(I79-H79) -> 0
D80: 모듈별 설계 변경 사항 정리 | F80: 42471 | G80: 42473 | K80: =IF(AND(Q80>0%,Q80<100%),"진행 중",IF(Q80=0%,"진행 대기","완료")) -> 진행 대기 | M80: =WEEKNUM(F80) -> 16 | N80: =WEEKNUM(G80-F80) -> 1 | O80: =WEEKNUM(H80) -> 0 | P80: =WEEKNUM(I80-H80) -> 0
D81: 모듈별 설계 변경 사항 적용 - 상세 설계 적용 | F81: 42473 | G81: 42475 | K81: =IF(AND(Q81>0%,Q81<100%),"진행 중",IF(Q81=0%,"진행 대기","완료")) -> 진행 대기 | M81: =WEEKNUM(F81) -> 16 | N81: =WEEKNUM(G81-F81) -> 1 | O81: =WEEKNUM(H81) -> 0 | P81: =WEEKNUM(I81-H81) -> 0
D82: 모듈별 설계 변경 사항 적용 - Sample 제작 | F82: 42478 | G82: 42489 | K82: =IF(AND(Q82>0%,Q82<100%),"진행 중",IF(Q82=0%,"진행 대기","완료")) -> 진행 대기 | M82: =WEEKNUM(F82) -> 17 | N82: =WEEKNUM(G82-F82) -> 2 | O82: =WEEKNUM(H82) -> 0 | P82: =WEEKNUM(I82-H82) -> 0
D83: 모듈별 설계 변경 사항 적용 - 기능 시험 | F83: 42491 | G83: 42505 | K83: =IF(AND(Q83>0%,Q83<100%),"진행 중",IF(Q83=0%,"진행 대기","완료")) -> 진행 대기 | M83: =WEEKNUM(F83) -> 19 | N83: =WEEKNUM(G83-F83) -> 2 | O83: =WEEKNUM(H83) -> 0 | P83: =WEEKNUM(I83-H83) -> 0
D84: Electrical Parts 상세 설계 | F84: 42464 | G84: 42468 | K84: =IF(AND(Q84>0%,Q84<100%),"진행 중",IF(Q84=0%,"진행 대기","완료")) -> 진행 대기 | M84: =WEEKNUM(F84) -> 15 | N84: =WEEKNUM(G84-F84) -> 1 | O84: =WEEKNUM(H84) -> 0 | P84: =WEEKNUM(I84-H84) -> 0
D85: 각 개선부 시험항목 식별, 평가 | F85: 42478 | G85: 42482 | K85: =IF(AND(Q85>0%,Q85<100%),"진행 중",IF(Q85=0%,"진행 대기","완료")) -> 진행 대기 | M85: =WEEKNUM(F85) -> 17 | N85: =WEEKNUM(G85-F85) -> 1 | O85: =WEEKNUM(H85) -> 0 | P85: =WEEKNUM(I85-H85) -> 0
D86: 제어부품 개선에 다른 위치변경 | F86: 42431 | G86: 42489 | K86: =IF(AND(Q86>0%,Q86<100%),"진행 중",IF(Q86=0%,"진행 대기","완료")) -> 진행 대기 | M86: =WEEKNUM(F86) -> 10 | N86: =WEEKNUM(G86-F86) -> 9 | O86: =WEEKNUM(H86) -> 0 | P86: =WEEKNUM(I86-H86) -> 0
... D96: 성능평가 검사서 작성 | F96: 42457 | G96: 42475 | K96: =IF(AND(Q96>0%,Q96<100%),"진행 중",IF(Q96=0%,"진행 대기","완료")) -> 진행 대기 | M96: =WEEKNUM(F96) -> 14 | N96: =WEEKNUM(G96-F96) -> 3 | O96: =WEEKNUM(H96) -> 0 | P96: =WEEKNUM(I96-H96) -> 0
D97: 기타 요구사항 반영 검토 | K97: =IF(AND(Q97>0%,Q97<100%),"진행 중",IF(Q97=0%,"진행 대기","완료")) -> 진행 대기 | M97: =WEEKNUM(F97) -> 0 | N97: =WEEKNUM(G97-F97) -> 0 | O97: =WEEKNUM(H97) -> 0 | P97: =WEEKNUM(I97-H97) -> 0
D98: CDR 자료정리,작성 | F98: 42485 | G98: 42489 | K98: =IF(AND(Q98>0%,Q98<100%),"진행 중",IF(Q98=0%,"진행 대기","완료")) -> 진행 대기 | M98: =WEEKNUM(F98) -> 18 | N98: =WEEKNUM(G98-F98) -> 1 | O98: =WEEKNUM(H98) -> 0 | P98: =WEEKNUM(I98-H98) -> 0
D99: 장납기 자재 식별 | F99: 42461 | G99: 42503 | K99: =IF(AND(Q99>0%,Q99<100%),"진행 중",IF(Q99=0%,"진행 대기","완료")) -> 진행 대기 | M99: =WEEKNUM(F99) -> 14 | N99: =WEEKNUM(G99-F99) -> 6 | O99: =WEEKNUM(H99) -> 0 | P99: =WEEKNUM(I99-H99) -> 0
D100: Mec Parts 장납기 자재 식별 및 발주 | F100: 42464 | G100: 42503 | K100: =IF(AND(Q100>0%,Q100<100%),"진행 중",IF(Q100=0%,"진행 대기","완료")) -> 진행 대기 | M100: =WEEKNUM(F100) -> 15 | N100: =WEEKNUM(G100-F100) -> 6 | O100: =WEEKNUM(H100) -> 0 | P100: =WEEKNUM(I100-H100) -> 0
D101: 장납기 자재 식별 | F101: 42464 | G101: 42475 | K101: =IF(AND(Q101>0%,Q101<100%),"진행 중",IF(Q101=0%,"진행 대기","완료")) -> 진행 대기 | M101: =WEEKNUM(F101) -> 15 | N101: =WEEKNUM(G101-F101) -> 2 | O101: =WEEKNUM(H101) -> 0 | P101: =WEEKNUM(I101-H101) -> 0
D102: 장납기 자재 발주 | F102: 42471 | G102: 42475 | K102: =IF(AND(Q102>0%,Q102<100%),"진행 중",IF(Q102=0%,"진행 대기","완료")) -> 진행 대기 | M102: =WEEKNUM(F102) -> 16 | N102: =WEEKNUM(G102-F102) -> 1 | O102: =WEEKNUM(H102) -> 0 | P102: =WEEKNUM(I102-H102) -> 0
D103: 장납기 자재 입고 확인 | F103: 42499 | G103: 42503 | K103: =IF(AND(Q103>0%,Q103<100%),"진행 중",IF(Q103=0%,"진행 대기","완료")) -> 진행 대기 | M103: =WEEKNUM(F103) -> 20 | N103: =WEEKNUM(G103-F103) -> 1 | O103: =WEEKNUM(H103) -> 0 | P103: =WEEKNUM(I103-H103) -> 0
D104: Control Parts 장납기 자재 식별 및 발주 | F104: 42461 | G104: 42503 | K104: =IF(AND(Q104>0%,Q104<100%),"진행 중",IF(Q104=0%,"진행 대기","완료")) -> 진행 대기 | M104: =WEEKNUM(F104) -> 14 | N104: =WEEKNUM(G104-F104) -> 6 | O104: =WEEKNUM(H104) -> 0 | P104: =WEEKNUM(I104-H104) -> 0
D105: 장납기 자재 식별 | F105: 42461 | G105: 42468 | K105: =IF(AND(Q105>0%,Q105<100%),"진행 중",IF(Q105=0%,"진행 대기","완료")) -> 진행 대기 | M105: =WEEKNUM(F105) -> 14 | N105: =WEEKNUM(G105-F105) -> 1 | O105: =WEEKNUM(H105) -> 0 | P105: =WEEKNUM(I105-H105) -> 0
D106: 장납기 자재 발주 | F106: 42471 | G106: 42475 | K106: =IF(AND(Q106>0%,Q106<100%),"진행 중",IF(Q106=0%,"진행 대기","완료")) -> 진행 대기 | M106: =WEEKNUM(F106) -> 16 | N106: =WEEKNUM(G106-F106) -> 1 | O106: =WEEKNUM(H106) -> 0 | P106: =WEEKNUM(I106-H106) -> 0
D107: 장납기 자재 입고 확인 | F107: 42478 | G107: 42503 | K107: =IF(AND(Q107>0%,Q107<100%),"진행 중",IF(Q107=0%,"진행 대기","완료")) -> 진행 대기 | M107: =WEEKNUM(F107) -> 17 | N107: =WEEKNUM(G107-F107) -> 4 | O107: =WEEKNUM(H107) -> 0 | P107: =WEEKNUM(I107-H107) -> 0
D108: RFC Parts 장납기 자재 식별 및 발주 | G108: 42503 | K108: =IF(AND(Q108>0%,Q108<100%),"진행 중",IF(Q108=0%,"진행 대기","완료")) -> 진행 대기 | M108: =WEEKNUM(F108) -> 0 | N108: =WEEKNUM(G108-F108) -> 20 | O108: =WEEKNUM(H108) -> 0 | P108: =WEEKNUM(I108-H108) -> 0
D109: 장납기 자재 식별 | K109: =IF(AND(Q109>0%,Q109<100%),"진행 중",IF(Q109=0%,"진행 대기","완료")) -> 진행 대기 | M109: =WEEKNUM(F109) -> 0 | N109: =WEEKNUM(G109-F109) -> 0 | O109: =WEEKNUM(H109) -> 0 | P109: =WEEKNUM(I109-H109) -> 0
D110: 장납기 자재 발주 | K110: =IF(AND(Q110>0%,Q110<100%),"진행 중",IF(Q110=0%,"진행 대기","완료")) -> 진행 대기 | M110: =WEEKNUM(F110) -> 0 | N110: =WEEKNUM(G110-F110) -> 0 | O110: =WEEKNUM(H110) -> 0 | P110: =WEEKNUM(I110-H110) -> 0
D111: 장납기 자재 입고 확인 | G111: 42503 | K111: =IF(AND(Q111>0%,Q111<100%),"진행 중",IF(Q111=0%,"진행 대기","완료")) -> 진행 대기 | M111: =WEEKNUM(F111) -> 0 | N111: =WEEKNUM(G111-F111) -> 20 | O111: =WEEKNUM(H111) -> 0 | P111: =WEEKNUM(I111-H111) -> 0
D112: CDReview | F112: 42492 | G112: 42492 | K112: =IF(AND(Q112>0%,Q112<100%),"진행 중",IF(Q112=0%,"진행 대기","완료")) -> 진행 대기 | M112: =WEEKNUM(F112) -> 19 | N112: =WEEKNUM(G112-F112) -> 0 | O112: =WEEKNUM(H112) -> 0 | P112: =WEEKNUM(I112-H112) -> 0
D113: Test Readence Step | F113: 42493 | G113: 42521 | K113: =IF(AND(Q113>0%,Q113<100%),"진행 중",IF(Q113=0%,"진행 대기","완료")) -> 진행 대기 | M113: =WEEKNUM(F113) -> 19 | N113: =WEEKNUM(G113-F113) -> 4 | O113: =WEEKNUM(H113) -> 0 | P113: =WEEKNUM(I113-H113) -> 0
D114: 검증 항목 작성 | F114: 42493 | G114: 42500 | K114: =IF(AND(Q114>0%,Q114<100%),"진행 중",IF(Q114=0%,"진행 대기","완료")) -> 진행 대기 | M114: =WEEKNUM(F114) -> 19 | N114: =WEEKNUM(G114-F114) -> 1 | O114: =WEEKNUM(H114) -> 0 | P114: =WEEKNUM(I114-H114) -> 0
...

Sheet TBD & Risk 관리
A1: TBD/ TBC 항목
A2: ID | B2: Description | C2: 확정 예정 일자 | D2: Status | E2: 담당자 | F2: 결정 결과 | G2: 결정 근거 | H2: 비고
A3: FB-T-01 | X3: 41
S7: 2020 Week
A30: Risk Management
A31: ID | B31: Description | C31: 식별 일자 | D31: 위험 등급 | E31: 담당자 | F31: 위험 처리 Action | H31: 위험 영향
A32: FB-R-01

Sheet Project Output List
A1: 문서관리 양식
A3: Project 명 | C3: ='Project 정보'!C2:C2 -> 0 | G3: 관리 담당자
A4: Project 코드 | C4: ='Project 정보'!C4:C4 -> 0 | G4: 최종 Update 일자 | H4: =TODAY() -> 44112
A5: 순번 | B5: 문서번호 | C5: Resivion | D5: 문서분류 | E5: 문서 형태 | F5: 문서명 | G5: Description | H5: 담당팀 | I5: 작성자 | J5: 작성일자
A6: =ROW()-5 -> 1
A7: =ROW()-5 -> 2
A8: =ROW()-5 -> 3
A9: =ROW()-5 -> 4
A10: =ROW()-5 -> 5
A11: =ROW()-5 -> 6
A12: =ROW()-5 -> 7
A13: =ROW()-5 -> 8
A15: =ROW()-5 -> 10
A16: =ROW()-5 -> 11
A17: =ROW()-5 -> 12
A18: =ROW()-5 -> 13
... A27: =ROW()-5 -> 22
